69-9963965,Wright,jwright0@mayoclinic.com,Female,80.102.34.29
23-9883036,Harrison,kharrison1@desdev.cn,Female,97.208.249.141
54-2176625,Burton,lburton2@pcworld.com,Male,34.210.65.191
02-9478487,Ferguson,dferguson3@xinhuanet.com,Female,104.92.110.216
42-9273415,Gonzales,sgonzales4@adobe.com,Male,24.204.226.13
09-1544001,Mcdonald,jmcdonald5@amazon.de,Male,34.206.181.41
71-4485209,Dunn,bdunn6@xrea.com,Male,27.122.204.51
92-4865279,Kelly,jkelly7@storify.com,Male,216.253.40.17
07-4138224,Hunt,mhunt8@acquirethisname.com,Female,225.168.244.231
07-6733147,Rose,hrose9@amazonaws.com,Female,3.104.146.218
46-5811117,Mccoy,amccoya@liveinternet.ru,Female,170.220.174.199
73-7672689,Scott,hscottb@dailymail.co.uk,Female,232.205.66.142
79-4850230,Cole,ccolec@gmpg.org,Female,143.168.47.74
35-1459474,Stevens,mstevensd@pen.io,Female,90.41.129.27
54-3221247,Day,pdaye@cam.ac.uk,Female,0.203.254.232
05-1723890,Rivera,vriveraf@sciencedirect.com,Female,192.4.247.27
40-8340379,Henderson,fhendersong@prlog.org,Male,100.107.107.61
36-9169453,Pierce,apierceh@npr.org,Male,79.108.152.238
61-2237211,Stevens,sstevensi@google.pl,Male,61.21.143.198
31-1813151,Price,mpricej@adobe.com,Female,15.12.169.188
92-7958062,Mendoza,amendozak@clickbank.net,Male,212.68.213.191
01-1490709,Foster,efosterl@google.co.uk,Male,211.150.94.168
80-1016065,Cole,ccolem@cyberchimps.com,Male,65.86.224.158
45-5487690,Cruz,acruzn@tripadvisor.com,Female,162.147.121.90
27-8223548,Stone,nstoneo@samsung.com,Female,171.111.156.158
74-8163990,Fernandez,afernandezp@a8.net,Female,43.60.111.5
22-7432164,Reynolds,rreynoldsq@sfgate.com,Male,139.29.82.215
64-7358708,Gilbert,lgilbertr@soup.io,Female,82.12.92.29
50-5883676,Banks,gbankss@bbc.co.uk,Male,4.13.34.248
39-0625122,Fowler,sfowlert@uol.com.br,Female,187.129.251.190
52-3853808,Graham,rgrahamu@kickstarter.com,Male,154.218.191.101
54-3971632,Smith,psmithv@com.com,Male,49.226.165.54
73-2429715,Patterson,rpattersonw@oracle.com,Male,120.225.114.193
15-2515299,Bryant,jbryantx@google.com.au,Female,150.85.75.41
95-1440227,Day,ldayy@lycos.com,Female,60.154.68.205
46-2039394,Ramos,kramosz@weibo.com,Male,185.59.69.167
11-9083548,Snyder,jsnyder10@wordpress.org,Male,64.174.55.110
66-4969254,Payne,jpayne11@newyorker.com,Female,135.86.187.172
05-8455073,Marshall,jmarshall12@tmall.com,Male,187.249.162.218
65-4480491,Brooks,rbrooks13@cnet.com,Male,100.3.44.144
86-6396164,Henry,mhenry14@istockphoto.com,Female,188.66.37.82
51-3289998,Miller,rmiller15@shop-pro.jp,Female,159.216.36.41
56-4538735,Stephens,jstephens16@hibu.com,Female,246.209.255.112
65-8741198,Bennett,pbennett17@cafepress.com,Male,35.94.25.159
61-3890364,Duncan,bduncan18@zimbio.com,Female,96.57.198.91
06-8041302,Fowler,hfowler19@last.fm,Female,83.130.107.204
70-1737541,Cook,mcook1a@shareasale.com,Female,124.242.237.119
13-0902593,Hart,jhart1b@istockphoto.com,Female,137.101.190.248
06-8406576,Arnold,tarnold1c@joomla.org,Male,60.73.247.134
86-6174591,Bailey,mbailey1d@joomla.org,Male,214.185.148.193
15-8810305,Mccoy,emccoy1e@fastcompany.com,Male,2.143.85.40
17-0487437,Evans,pevans1f@google.com.hk,Male,217.186.20.226
79-5056917,Perkins,aperkins1g@twitter.com,Male,2.154.21.200
68-9114940,Reyes,creyes1h@people.com.cn,Female,84.163.215.62
35-5861074,Ramos,mramos1i@nps.gov,Male,144.229.133.248
57-0332247,Torres,ltorres1j@ovh.net,Female,176.163.159.45
81-4371510,Walker,mwalker1k@smugmug.com,Female,31.176.246.151
18-2884604,Mills,cmills1l@indiegogo.com,Male,139.50.175.140
79-1622551,Warren,jwarren1m@ucoz.ru,Female,155.160.12.35
13-4095603,Ruiz,jruiz1n@squarespace.com,Female,248.19.148.207
42-6316410,Cooper,ccooper1o@php.net,Male,129.108.223.154
72-6767276,Hicks,chicks1p@g.co,Female,215.4.88.216
05-8647733,Greene,pgreene1q@gnu.org,Female,149.132.110.175
87-2184071,Coleman,jcoleman1r@pen.io,Female,230.0.30.131
76-8869920,Price,kprice1s@spiegel.de,Female,210.226.225.28
98-9441255,Hall,jhall1t@devhub.com,Female,55.203.239.43
93-7885306,Gonzalez,rgonzalez1u@senate.gov,Male,89.211.213.82
30-0946228,Coleman,jcoleman1v@wisc.edu,Male,93.173.202.138
89-5451607,Mendoza,dmendoza1w@dell.com,Female,5.202.43.231
15-2994597,Diaz,pdiaz1x@t-online.de,Female,14.124.115.67
16-2129067,Henry,jhenry1y@infoseek.co.jp,Female,243.82.30.91
57-2352105,Ruiz,rruiz1z@goodreads.com,Male,144.118.35.216
35-0383368,King,aking20@seesaa.net,Male,200.197.129.56
87-8665307,Stone,wstone21@prweb.com,Male,190.199.117.174
30-9847338,Flores,fflores22@1und1.de,Female,77.169.17.204
50-3187244,Harper,charper23@buzzfeed.com,Male,137.65.28.86
65-1214284,White,cwhite24@hostgator.com,Male,227.128.109.47
06-4708112,Frazier,jfrazier25@posterous.com,Female,170.27.54.27
97-8306720,Wallace,dwallace26@wikimedia.org,Male,95.76.119.201
39-2363744,Hall,khall27@friendfeed.com,Female,45.151.201.92
23-0453901,Porter,bporter28@wsj.com,Male,158.17.182.153
87-5743824,West,mwest29@paypal.com,Female,102.179.239.186
33-5131573,Kelly,pkelly2a@fda.gov,Female,80.100.175.23
87-2501132,Thompson,jthompson2b@wiley.com,Female,197.75.215.42
13-9280228,Carroll,ccarroll2c@liveinternet.ru,Male,185.101.57.177
50-7613249,Taylor,dtaylor2d@youku.com,Female,56.50.62.255
25-5482930,Robertson,srobertson2e@ftc.gov,Male,153.29.18.235
95-4806349,Mcdonald,amcdonald2f@youtube.com,Female,153.104.81.183
05-0872174,Peters,dpeters2g@seesaa.net,Female,242.99.54.135
52-4918635,Mendoza,wmendoza2h@disqus.com,Male,127.244.187.240
25-4886931,Gardner,jgardner2i@nasa.gov,Female,100.42.255.46
66-2122420,Snyder,psnyder2j@goodreads.com,Female,64.71.23.217
75-8227133,Perez,pperez2k@posterous.com,Male,77.166.213.202
71-7350266,Oliver,loliver2l@ftc.gov,Female,135.133.154.132
18-7666039,Howard,choward2m@istockphoto.com,Female,243.168.90.244
12-0866898,Bailey,lbailey2n@samsung.com,Female,38.241.41.146
35-4260891,Warren,swarren2o@oracle.com,Male,81.220.170.216
01-4797248,Patterson,gpatterson2p@sakura.ne.jp,Male,98.173.27.224
25-6501101,Frazier,afrazier2q@weibo.com,Female,188.49.242.100
52-1154851,Fisher,jfisher2r@nasa.gov,Female,209.186.109.139
55-7419467,Walker,dwalker2s@census.gov,Female,235.77.235.79
70-6165737,Fisher,sfisher2t@fastcompany.com,Male,198.6.23.54
34-1393236,Edwards,bedwards2u@archive.org,Female,252.225.126.166
33-7905077,Berry,cberry2v@indiegogo.com,Male,193.236.131.218
23-5367601,Hunt,shunt2w@earthlink.net,Male,187.30.99.139
12-5034891,Palmer,jpalmer2x@globo.com,Female,71.223.178.91
70-7924607,Cruz,pcruz2y@wikimedia.org,Female,212.51.126.210
84-4826227,Gray,bgray2z@dell.com,Male,140.79.120.112
25-9599956,Hawkins,khawkins30@amazon.com,Male,114.158.128.199
88-6829494,Robinson,trobinson31@technorati.com,Male,58.24.51.127
49-7589797,Nichols,tnichols32@booking.com,Female,94.135.79.51
42-2100763,Powell,spowell33@cocolog-nifty.com,Male,211.220.204.52
10-1921616,Sanders,asanders34@whitehouse.gov,Female,3.56.84.34
92-8072482,Perkins,gperkins35@latimes.com,Male,246.219.119.234
73-5167851,Hamilton,shamilton36@wp.com,Male,35.144.233.122
29-8352812,Wright,nwright37@unicef.org,Female,98.151.84.104
29-1744869,Armstrong,jarmstrong38@zdnet.com,Male,127.177.81.86
23-3288875,Nelson,knelson39@naver.com,Male,77.86.141.202
17-2714020,Rogers,jrogers3a@topsy.com,Male,161.244.105.124
55-9061938,White,awhite3b@symantec.com,Female,235.206.188.149
59-7934199,Arnold,jarnold3c@toplist.cz,Male,235.96.68.34
54-6199950,Peters,lpeters3d@bloomberg.com,Male,55.72.13.121
34-2451017,Stone,kstone3e@time.com,Female,155.37.84.150
39-8466897,Hall,chall3f@opera.com,Female,63.19.36.156
03-3182483,Garcia,sgarcia3g@nasa.gov,Female,98.48.242.103
06-2472071,Romero,jromero3h@tiny.cc,Male,214.42.252.243
67-5508115,Hudson,chudson3i@yolasite.com,Male,175.118.161.47
51-5562829,Jacobs,kjacobs3j@blog.com,Female,181.145.153.105
75-7172340,Johnson,rjohnson3k@drupal.org,Male,247.229.125.215
62-6370853,Payne,rpayne3l@discovery.com,Female,179.207.42.232
14-2909778,Simpson,asimpson3m@samsung.com,Male,95.37.180.46
85-2930295,Fields,lfields3n@goo.gl,Male,39.155.91.72
41-4315031,Parker,bparker3o@indiatimes.com,Male,210.136.37.31
34-9964578,Phillips,dphillips3p@go.com,Female,185.209.146.238
12-9838253,Morris,wmorris3q@mac.com,Male,153.51.93.145
17-4909262,Kelly,jkelly3r@myspace.com,Female,245.31.156.112
90-4600069,Dixon,mdixon3s@moonfruit.com,Female,208.34.61.243
88-9612828,Mason,wmason3t@apple.com,Male,212.95.188.185
46-0858146,Williams,jwilliams3u@abc.net.au,Male,96.172.54.0
06-0167900,Wheeler,kwheeler3v@plala.or.jp,Male,36.134.235.59
38-0106594,Williams,twilliams3w@elegantthemes.com,Female,51.126.148.106
06-1414118,Mitchell,amitchell3x@go.com,Female,181.236.31.11
57-7699040,Perkins,bperkins3y@vk.com,Male,208.205.238.123
53-0344370,Warren,twarren3z@cafepress.com,Male,215.40.231.190
63-5670491,Stephens,sstephens40@mayoclinic.com,Female,249.187.52.146
84-7490978,Snyder,bsnyder41@goo.gl,Male,97.14.79.109
39-6947826,Greene,jgreene42@friendfeed.com,Male,42.15.92.161
73-7163767,Grant,jgrant43@qq.com,Female,187.13.246.80
43-8704999,Romero,rromero44@time.com,Male,160.90.101.42
34-5007379,Taylor,rtaylor45@posterous.com,Male,181.184.100.3
41-7661503,Rogers,mrogers46@cnbc.com,Male,254.151.187.212
46-0777280,Turner,jturner47@craigslist.org,Male,4.207.223.213
39-2600768,Wilson,jwilson48@latimes.com,Male,105.99.175.248
53-5366598,Vasquez,jvasquez49@usatoday.com,Male,65.109.54.160
72-5596587,Ruiz,vruiz4a@netlog.com,Female,115.147.176.88
93-2552325,Griffin,wgriffin4b@ihg.com,Male,63.0.127.186
89-6940513,Ellis,gellis4c@npr.org,Male,47.125.133.225
32-1361296,Riley,ariley4d@thetimes.co.uk,Female,154.12.0.9
78-4527308,Bailey,nbailey4e@linkedin.com,Male,100.57.226.226
28-4579737,Porter,jporter4f@biglobe.ne.jp,Male,229.64.245.8
59-8132544,Alvarez,aalvarez4g@vk.com,Female,54.104.127.218
82-5761920,Harper,bharper4h@naver.com,Male,163.252.205.72
54-4795373,Jacobs,jjacobs4i@nydailynews.com,Female,1.96.237.90
40-8330980,Reid,jreid4j@a8.net,Female,23.10.129.60
03-0234389,Sims,jsims4k@wikia.com,Male,86.190.243.225
31-3415368,Medina,smedina4l@opera.com,Male,253.148.173.45
09-2085730,Pierce,bpierce4m@examiner.com,Male,73.170.251.63
51-8559837,Reynolds,lreynolds4n@comcast.net,Male,250.33.13.142
75-4480038,Murphy,rmurphy4o@vinaora.com,Male,158.34.232.247
81-3920218,Perkins,eperkins4p@livejournal.com,Male,125.243.75.32
72-1574985,Watkins,pwatkins4q@mapy.cz,Male,46.201.205.148
60-0591104,Elliott,aelliott4r@ezinearticles.com,Male,85.179.86.218
49-5293649,Dean,adean4s@home.pl,Male,136.75.211.181
25-5006297,Hart,mhart4t@printfriendly.com,Female,39.139.129.165
97-5010699,Reid,dreid4u@nasa.gov,Male,27.108.99.142
97-6783559,Boyd,cboyd4v@nytimes.com,Male,175.1.58.211
28-2256285,Cox,ecox4w@unblog.fr,Male,238.68.88.69
42-2687720,Frazier,jfrazier4x@opera.com,Female,134.138.224.204
43-5495994,Greene,tgreene4y@un.org,Male,201.96.161.210
12-3265201,Clark,mclark4z@squidoo.com,Female,35.84.107.63
22-1421643,Watkins,kwatkins50@cbc.ca,Female,212.189.236.220
91-8533783,Peterson,wpeterson51@t-online.de,Female,218.216.102.255
40-6869356,Cole,bcole52@seesaa.net,Male,28.246.157.159
28-6270503,Chavez,gchavez53@redcross.org,Female,80.242.241.220
56-1068969,Jackson,mjackson54@princeton.edu,Female,64.208.222.83
92-8414052,Hunter,phunter55@bravesites.com,Male,87.23.30.194
76-5806147,Watkins,dwatkins56@about.com,Female,198.187.129.75
25-1287871,Kennedy,rkennedy57@npr.org,Male,13.216.102.57
15-4793666,Price,bprice58@icio.us,Male,39.177.204.177
80-1168362,Stevens,cstevens59@ihg.com,Female,55.44.120.170
53-2306581,Murphy,nmurphy5a@histats.com,Female,147.239.237.56
39-7224235,King,aking5b@bing.com,Female,160.185.114.248
88-8317625,Morrison,dmorrison5c@woothemes.com,Male,25.72.135.51
03-0918157,Sanders,esanders5d@php.net,Female,78.35.146.65
85-5261868,Anderson,canderson5e@hubpages.com,Male,96.87.192.47
81-6721504,Andrews,jandrews5f@fastcompany.com,Female,249.253.145.218
74-1766698,Shaw,jshaw5g@foxnews.com,Female,212.245.199.255
01-7332203,Butler,fbutler5h@comsenz.com,Male,86.118.49.156
98-6001581,Kelly,jkelly5i@hexun.com,Male,120.6.118.162
08-9341616,Torres,ctorres5j@bandcamp.com,Female,55.186.113.7
93-7508802,Fisher,bfisher5k@skype.com,Male,201.100.240.29
76-1026768,Baker,abaker5l@samsung.com,Female,120.193.64.88
99-7980027,Reed,dreed5m@wp.com,Male,214.206.79.33
82-6864173,Fernandez,bfernandez5n@chron.com,Male,168.220.243.212
16-0346911,Williams,kwilliams5o@tumblr.com,Female,157.219.52.137
66-7720721,Hansen,shansen5p@nps.gov,Female,240.180.41.31
93-0522820,Martin,gmartin5q@nifty.com,Female,36.240.101.129
36-0505548,Day,lday5r@is.gd,Male,236.17.73.74
43-8816442,James,sjames5s@irs.gov,Male,181.207.54.25
78-4222072,Grant,jgrant5t@mac.com,Female,52.8.224.100
53-1464723,Rivera,privera5u@phpbb.com,Female,50.240.87.119
32-5912912,Stone,bstone5v@spiegel.de,Male,223.231.218.19
67-6304214,Alvarez,kalvarez5w@un.org,Female,39.227.146.55
44-6222946,Matthews,mmatthews5x@foxnews.com,Female,12.5.188.38
39-8032309,Wood,swood5y@blogs.com,Female,94.206.16.48
17-5927343,Nelson,pnelson5z@ucsd.edu,Female,189.250.0.156
95-2728031,Washington,dwashington60@buzzfeed.com,Female,76.165.152.133
88-3166888,Banks,ebanks61@free.fr,Male,125.250.80.15
83-5664883,Long,rlong62@fema.gov,Male,60.98.245.123
34-9402149,Frazier,gfrazier63@youtu.be,Male,130.57.90.221
29-7370875,Nichols,rnichols64@vkontakte.ru,Male,116.198.77.101
56-8057187,Griffin,agriffin65@senate.gov,Female,32.120.237.200
68-1011237,Henry,khenry66@google.nl,Female,208.180.73.228
16-6976252,Banks,cbanks67@umn.edu,Male,209.192.249.199
79-1110116,Ferguson,wferguson68@purevolume.com,Female,114.164.73.136
18-3934166,Ramirez,bramirez69@lulu.com,Male,132.30.17.90
52-8890486,White,awhite6a@trellian.com,Female,90.150.189.168
82-5166675,Cooper,jcooper6b@reverbnation.com,Female,131.40.209.252
25-6760775,Weaver,bweaver6c@bravesites.com,Male,117.235.66.29
29-6779267,Jackson,tjackson6d@arizona.edu,Female,63.101.157.179
82-5824681,Dunn,cdunn6e@phpbb.com,Male,133.100.80.145
38-7589905,Fields,mfields6f@uiuc.edu,Female,128.154.112.185
99-1038759,Williams,awilliams6g@wikimedia.org,Male,133.66.137.37
65-1664037,Peterson,tpeterson6h@issuu.com,Female,221.1.24.106
91-7407632,Rice,price6i@freewebs.com,Male,103.193.216.28
67-5819619,Medina,amedina6j@uol.com.br,Female,160.40.20.164
18-6082022,Porter,mporter6k@barnesandnoble.com,Female,142.156.191.105
09-7335879,Welch,jwelch6l@hostgator.com,Male,29.100.19.7
73-1972370,Robinson,krobinson6m@theglobeandmail.com,Female,182.178.169.191
74-0143549,Rogers,srogers6n@loc.gov,Male,65.173.99.200
07-1751105,Thomas,pthomas6o@bandcamp.com,Female,225.18.59.105
04-5245669,Rogers,lrogers6p@google.cn,Female,193.153.116.69
56-1041121,Banks,mbanks6q@newsvine.com,Female,141.21.178.49
66-8671304,Nelson,cnelson6r@pen.io,Male,168.240.213.17
93-5586454,Harris,pharris6s@vistaprint.com,Female,101.33.129.77
99-9452789,Woods,hwoods6t@elegantthemes.com,Female,107.149.193.27
85-7517520,Ramirez,eramirez6u@arizona.edu,Female,66.237.164.239
96-9558684,Bowman,cbowman6v@wikipedia.org,Male,129.196.123.183
04-1996759,Hanson,chanson6w@miibeian.gov.cn,Female,147.41.48.201
35-8721958,Coleman,pcoleman6x@live.com,Female,28.109.131.223
52-2953236,Mccoy,kmccoy6y@ucoz.com,Male,70.231.164.234
32-8195405,Perkins,tperkins6z@istockphoto.com,Female,16.98.28.104
63-2769659,Roberts,hroberts70@amazon.de,Male,141.254.96.53
30-1132963,Bryant,dbryant71@cdc.gov,Male,10.114.10.41
95-7558137,Rivera,jrivera72@quantcast.com,Female,248.158.67.249
33-6236172,Stanley,pstanley73@archive.org,Female,141.218.38.241
02-9203572,King,fking74@sciencedirect.com,Male,182.171.250.67
57-6279695,Kelley,bkelley75@deviantart.com,Male,92.8.199.30
03-6166336,Gilbert,egilbert76@netlog.com,Male,45.246.197.11
24-2639646,Dixon,jdixon77@mediafire.com,Male,146.51.86.24
71-0132815,Patterson,dpatterson78@economist.com,Male,222.151.196.58
49-4149266,Olson,solson79@pagesperso-orange.fr,Male,149.31.24.168
17-4081818,Stephens,dstephens7a@godaddy.com,Male,41.41.223.133
92-1891770,Sims,ssims7b@wired.com,Female,115.139.176.165
05-8955530,Medina,pmedina7c@unc.edu,Male,85.215.131.156
20-0605884,Sanders,ssanders7d@example.com,Male,126.24.46.9
87-5243761,Kennedy,skennedy7e@statcounter.com,Female,245.125.195.5
90-1796588,Schmidt,sschmidt7f@tiny.cc,Female,215.17.254.71
92-0236418,Bowman,abowman7g@nbcnews.com,Female,135.138.231.175
95-6345591,Martinez,amartinez7h@hubpages.com,Female,72.217.85.7
35-1950378,Wheeler,wwheeler7i@ebay.co.uk,Male,59.156.167.141
51-1625142,Pierce,ppierce7j@people.com.cn,Female,181.251.54.118
49-4299683,Ramos,jramos7k@army.mil,Male,4.191.201.130
03-5502846,Simmons,ssimmons7l@vk.com,Female,40.54.187.216
45-1192564,Palmer,jpalmer7m@squidoo.com,Male,33.36.80.97
77-2536227,Jenkins,bjenkins7n@howstuffworks.com,Male,134.33.162.25
55-6097033,Wallace,kwallace7o@google.nl,Female,55.102.150.0
76-9140644,Hamilton,bhamilton7p@google.cn,Female,70.144.7.147
56-0505486,Ford,rford7q@weibo.com,Male,235.166.123.248
19-3971867,Greene,cgreene7r@mapy.cz,Female,220.119.36.253
42-0346066,Lopez,klopez7s@drupal.org,Female,165.34.190.249
15-3258415,Gray,jgray7t@imdb.com,Male,247.142.197.40
66-3500915,Jackson,rjackson7u@google.co.jp,Female,141.93.90.17
33-3290332,Burton,jburton7v@arizona.edu,Male,157.129.231.31
98-4421827,Diaz,ediaz7w@ft.com,Male,2.66.72.144
85-2069209,Johnston,rjohnston7x@icio.us,Male,90.141.71.78
65-1627801,Stone,fstone7y@friendfeed.com,Female,29.39.33.187
98-2950880,Austin,maustin7z@dot.gov,Male,204.143.1.174
11-5376124,Hayes,lhayes80@so-net.ne.jp,Male,236.240.202.81
66-8815787,Baker,rbaker81@chronoengine.com,Female,191.75.142.8
36-1307918,Gonzalez,dgonzalez82@360.cn,Female,76.50.44.145
42-6797133,Spencer,lspencer83@com.com,Male,93.236.49.102
93-7390529,Turner,rturner84@google.ca,Female,120.173.105.177
36-2459824,Bishop,abishop85@ucsd.edu,Male,7.89.213.125
28-1419511,Andrews,jandrews86@nbcnews.com,Female,50.141.0.63
99-8216417,Harvey,jharvey87@marketwatch.com,Female,182.99.184.126
03-2696546,Ramirez,jramirez88@bloglovin.com,Male,179.191.10.115
47-3934744,Flores,cflores89@wikia.com,Female,208.28.111.165
85-2036625,Montgomery,bmontgomery8a@blog.com,Male,98.180.38.85
92-6899483,Moreno,bmoreno8b@topsy.com,Female,60.209.29.238
52-4151988,Greene,dgreene8c@pinterest.com,Female,66.223.85.36
03-4647090,Bishop,lbishop8d@cyberchimps.com,Female,228.84.23.117
00-2345895,Turner,rturner8e@go.com,Male,73.137.75.186
46-4894449,Dunn,sdunn8f@businesswire.com,Male,150.211.126.142
22-6509944,Richardson,lrichardson8g@squarespace.com,Female,58.29.28.4
46-2926845,Howell,ghowell8h@tiny.cc,Male,120.150.135.194
92-0344789,Gonzalez,ngonzalez8i@themeforest.net,Female,233.253.50.226
38-6906192,Carter,pcarter8j@theatlantic.com,Male,122.167.148.190
75-9774343,Bell,hbell8k@rambler.ru,Male,202.2.164.105
71-2461855,Bradley,lbradley8l@360.cn,Female,215.236.237.178
58-5771046,Ford,sford8m@bloomberg.com,Female,161.105.209.75
09-8642410,Rose,wrose8n@imgur.com,Male,26.101.117.208
73-4042243,Wagner,dwagner8o@usgs.gov,Female,35.45.254.22
52-4005968,Larson,mlarson8p@opensource.org,Female,101.156.205.35
75-4814663,Roberts,jroberts8q@newsvine.com,Female,32.90.29.71
83-3566935,Brown,pbrown8r@squidoo.com,Male,157.56.72.25
14-0445870,Price,cprice8s@spotify.com,Female,56.245.143.160
56-3784472,Powell,dpowell8t@amazon.com,Female,158.3.140.234
41-2582925,Holmes,dholmes8u@networkadvertising.org,Female,58.150.135.206
25-9383495,Miller,mmiller8v@deviantart.com,Female,201.55.95.86
24-2267297,Nichols,snichols8w@ucoz.com,Male,234.98.76.249
94-1204002,Hall,mhall8x@aboutads.info,Female,67.136.241.41
35-1244087,Warren,jwarren8y@indiegogo.com,Male,220.235.17.219
19-1350412,Ellis,bellis8z@google.ca,Male,151.88.54.202
55-5473573,Hayes,hhayes90@tripadvisor.com,Male,177.32.144.103
43-1809314,Dixon,bdixon91@hubpages.com,Female,22.75.7.149
15-4709606,Richardson,lrichardson92@hexun.com,Female,68.84.15.182
88-2431431,Henry,lhenry93@ftc.gov,Female,105.58.207.61
34-8312598,Bailey,jbailey94@ebay.com,Female,174.74.118.235
27-8518519,Rogers,trogers95@zdnet.com,Female,141.239.199.232
26-8260172,Watkins,swatkins96@example.com,Female,123.79.49.125
12-5150653,Long,slong97@trellian.com,Male,143.195.250.64
42-8913323,Gardner,wgardner98@noaa.gov,Female,12.8.159.148
89-1933760,Rivera,rrivera99@behance.net,Male,175.62.233.141
18-1720747,Riley,priley9a@mediafire.com,Female,68.96.154.84
46-8432800,Perkins,jperkins9b@google.cn,Female,186.186.187.131
15-8971612,James,jjames9c@deviantart.com,Female,247.131.52.87
22-6003071,Gordon,mgordon9d@wsj.com,Female,102.160.31.41
61-3616342,Garza,agarza9e@xinhuanet.com,Female,82.103.229.184
40-6492488,Thomas,fthomas9f@technorati.com,Male,185.169.100.63
06-9262233,Porter,wporter9g@issuu.com,Male,110.135.66.58
45-6243567,Alvarez,kalvarez9h@ameblo.jp,Male,16.196.240.75
51-2661877,Graham,rgraham9i@google.cn,Male,42.27.173.251
47-0976029,Burns,rburns9j@netvibes.com,Male,57.191.197.136
01-1402023,Kennedy,rkennedy9k@tripod.com,Female,25.230.210.77
29-5087539,Owens,kowens9l@ft.com,Female,173.13.215.30
07-4147487,Ward,hward9m@umich.edu,Female,83.18.163.112
27-0946787,Green,lgreen9n@apache.org,Male,92.248.169.144
20-5672641,Carpenter,ecarpenter9o@storify.com,Male,158.75.69.146
12-0709585,Kennedy,jkennedy9p@eepurl.com,Female,165.123.62.161
12-1754947,Crawford,kcrawford9q@ask.com,Female,14.190.28.34
13-9012681,Berry,aberry9r@clickbank.net,Female,127.209.24.149
78-4584393,Stone,estone9s@usda.gov,Female,214.168.200.162
53-8733555,Ruiz,kruiz9t@jiathis.com,Female,126.106.181.90
96-2580030,Cooper,acooper9u@yellowpages.com,Male,61.122.123.160
07-4022166,Nguyen,jnguyen9v@smh.com.au,Male,237.47.135.42
90-6930318,Simmons,psimmons9w@nps.gov,Male,162.190.124.210
31-6900029,Arnold,aarnold9x@dedecms.com,Female,180.169.253.3
09-6948903,Lopez,nlopez9y@ycombinator.com,Female,162.105.104.248
17-5709823,Fowler,jfowler9z@sphinn.com,Female,187.222.67.215
19-1169649,Cox,acoxa0@bigcartel.com,Female,171.251.182.186
39-1015881,Powell,ppowella1@simplemachines.org,Female,20.167.168.246
91-5356087,Perry,jperrya2@icq.com,Male,222.72.192.52
15-9783184,Jordan,ajordana3@webnode.com,Female,223.119.0.42
53-4020012,Ryan,cryana4@e-recht24.de,Male,192.50.33.225
13-7062686,Fowler,efowlera5@apple.com,Male,247.104.201.125
43-0267719,Simmons,rsimmonsa6@mediafire.com,Female,3.47.14.84
30-5061482,Wagner,lwagnera7@hostgator.com,Female,122.247.202.63
89-4671261,Oliver,colivera8@hp.com,Male,224.181.180.66
97-2905097,Gonzales,sgonzalesa9@typepad.com,Male,40.198.201.139
88-6245540,Murphy,gmurphyaa@bloglines.com,Male,106.222.226.249
53-2116333,Rivera,ariveraab@google.it,Female,196.181.106.116
10-4080390,Sims,rsimsac@sourceforge.net,Female,143.247.184.178
11-5790255,Castillo,jcastilload@techcrunch.com,Male,150.63.238.58
13-3375088,Ellis,pellisae@imdb.com,Male,130.153.224.89
34-9192472,Roberts,arobertsaf@bluehost.com,Male,210.138.153.94
41-3136457,Montgomery,tmontgomeryag@gnu.org,Female,233.244.210.167
77-8100531,Gardner,jgardnerah@ow.ly,Female,138.219.45.209
31-8728582,Day,kdayai@is.gd,Female,130.113.200.235
53-2385071,Gordon,agordonaj@prlog.org,Female,95.114.72.165
99-7545899,Long,alongak@purevolume.com,Male,86.187.35.95
07-2063547,Fernandez,cfernandezal@netvibes.com,Female,163.243.39.87
51-0152670,Evans,pevansam@illinois.edu,Female,136.201.58.109
72-0772473,Walker,rwalkeran@discovery.com,Male,35.87.62.240
90-8264455,Hill,whillao@guardian.co.uk,Male,47.79.48.228
94-5726867,Gutierrez,dgutierrezap@ebay.com,Male,63.30.143.124
17-6551519,Ryan,pryanaq@storify.com,Male,197.176.138.197
96-3656561,Grant,egrantar@webnode.com,Male,198.103.121.27
30-1125137,Johnson,ejohnsonas@msn.com,Female,120.136.114.227
70-5327442,Owens,mowensat@census.gov,Female,62.127.57.220
64-5421645,Ruiz,mruizau@cocolog-nifty.com,Female,12.230.195.125
74-2238275,Nguyen,knguyenav@usnews.com,Female,91.147.239.57
03-5255409,Simpson,rsimpsonaw@latimes.com,Female,236.217.44.100
01-3681007,Wilson,gwilsonax@ycombinator.com,Male,53.132.23.218
35-5144479,Bishop,mbishopay@discuz.net,Female,177.229.81.50
08-2197919,Stevens,jstevensaz@devhub.com,Female,147.240.103.126
67-3363285,Walker,rwalkerb0@imdb.com,Female,143.57.117.152
19-7467134,Meyer,pmeyerb1@taobao.com,Female,249.47.17.243
50-1476184,Porter,jporterb2@wsj.com,Female,6.192.155.199
23-4661248,Dean,adeanb3@pagesperso-orange.fr,Male,166.81.196.175
73-6344933,Hall,nhallb4@gravatar.com,Male,192.169.251.18
36-0177734,Daniels,jdanielsb5@ox.ac.uk,Male,249.91.76.161
13-8814025,Matthews,tmatthewsb6@nyu.edu,Female,102.164.48.73
73-0754745,Jordan,jjordanb7@spiegel.de,Male,124.84.234.234
66-7926682,Montgomery,kmontgomeryb8@answers.com,Female,111.240.161.192
07-8444680,Reyes,sreyesb9@google.com.br,Male,195.66.136.144
79-7659127,Ramirez,bramirezba@liveinternet.ru,Male,229.169.42.52
56-2484450,Fields,jfieldsbb@odnoklassniki.ru,Male,171.135.134.246
44-3418189,Hughes,bhughesbc@si.edu,Male,42.79.61.128
17-5643382,Reyes,areyesbd@sun.com,Female,81.76.200.96
15-2027344,King,skingbe@moonfruit.com,Female,119.63.182.12
55-1892728,Armstrong,sarmstrongbf@dailymotion.com,Female,17.132.26.121
98-6273720,Pierce,mpiercebg@123-reg.co.uk,Male,35.203.11.78
95-9187084,Kim,jkimbh@creativecommons.org,Male,36.204.181.16
34-7965432,Sanchez,fsanchezbi@gmpg.org,Male,218.81.113.157
22-7865561,Davis,jdavisbj@deliciousdays.com,Female,59.108.14.164
94-9558392,Perez,gperezbk@businessinsider.com,Male,195.168.9.43
44-5454273,Day,ddaybl@telegraph.co.uk,Female,201.138.252.164
92-8144958,Wood,mwoodbm@barnesandnoble.com,Female,16.116.92.76
69-2128071,Murray,amurraybn@bandcamp.com,Male,233.165.17.114
70-2614131,Anderson,eandersonbo@163.com,Female,195.18.78.229
70-0363534,Wells,jwellsbp@spotify.com,Male,141.177.106.100
15-8706311,Wells,rwellsbq@4shared.com,Male,252.143.242.101
46-6559503,Rice,hricebr@goodreads.com,Male,180.70.205.66
17-0743703,Dean,cdeanbs@is.gd,Male,96.213.205.204
32-5021112,Dunn,rdunnbt@blogspot.com,Female,236.229.39.222
60-1564621,Meyer,tmeyerbu@istockphoto.com,Male,158.219.158.101
97-5188994,Daniels,hdanielsbv@mozilla.org,Female,56.11.186.125
64-3372007,Bryant,gbryantbw@naver.com,Male,244.204.86.26
32-1596004,Mendoza,dmendozabx@seattletimes.com,Male,152.44.215.186
74-2159701,Morrison,tmorrisonby@phpbb.com,Male,35.4.35.62
87-5469310,Wagner,jwagnerbz@mashable.com,Male,232.156.24.140
74-0299707,Black,sblackc0@is.gd,Male,12.180.103.248
51-4645096,Gutierrez,tgutierrezc1@slideshare.net,Male,136.59.97.129
30-6597379,Dean,tdeanc2@state.tx.us,Female,114.17.119.141
44-3628566,Garza,ggarzac3@google.ca,Male,78.74.191.70
18-0670660,Peterson,dpetersonc4@dailymail.co.uk,Female,224.171.178.100
59-6768922,Russell,srussellc5@booking.com,Female,78.237.55.188
14-2365404,Shaw,lshawc6@abc.net.au,Male,187.175.200.147
79-0473381,Williamson,bwilliamsonc7@ox.ac.uk,Male,147.54.51.222
68-3775136,Edwards,tedwardsc8@sogou.com,Male,30.220.254.67
70-2397504,Arnold,marnoldc9@wisc.edu,Female,140.18.225.56
43-3744198,Ruiz,rruizca@ftc.gov,Male,194.51.76.61
18-2477894,Greene,ngreenecb@ustream.tv,Female,46.222.110.215
11-6435134,Carpenter,tcarpentercc@nymag.com,Male,133.34.163.136
66-5746993,Franklin,ffranklincd@kickstarter.com,Female,92.254.76.211
81-0026281,Bradley,jbradleyce@dailymail.co.uk,Male,237.26.123.248
27-2135469,Carroll,dcarrollcf@twitter.com,Female,166.95.24.50
57-5524376,Carter,fcartercg@nhs.uk,Female,253.234.119.191
77-9542367,Austin,raustinch@bloglovin.com,Female,27.44.137.64
06-8369119,Bennett,nbennettci@earthlink.net,Female,240.204.214.54
83-4284231,Sullivan,csullivancj@furl.net,Male,143.6.99.32
36-3239007,Willis,pwillisck@cafepress.com,Male,205.163.187.217
38-0840431,Turner,aturnercl@altervista.org,Female,133.30.94.125
25-4034407,Richards,brichardscm@google.nl,Male,209.186.245.176
75-3756065,Matthews,cmatthewscn@mac.com,Male,112.88.73.17
17-0486303,Pierce,mpierceco@smh.com.au,Female,5.211.122.149
07-6919184,Owens,aowenscp@chronoengine.com,Female,219.75.94.252
09-9067731,Hunt,rhuntcq@goo.ne.jp,Male,254.188.141.229
99-8553025,Mason,pmasoncr@upenn.edu,Female,101.43.235.74
24-2749306,Hughes,jhughescs@jiathis.com,Male,39.126.101.7
06-6726727,Garza,sgarzact@msn.com,Male,87.176.172.175
98-0120087,Ramos,jramoscu@mayoclinic.com,Male,101.82.133.4
77-4261072,Cooper,tcoopercv@ca.gov,Female,168.5.191.234
45-6294576,Ramos,rramoscw@google.cn,Female,214.38.215.217
12-9106275,Kelley,kkelleycx@boston.com,Female,31.169.160.45
76-9644455,Ward,bwardcy@nsw.gov.au,Female,93.207.212.192
08-8187989,Morris,dmorriscz@tuttocitta.it,Female,203.179.181.201
04-4516518,Allen,callend0@a8.net,Female,231.37.34.33
86-0898066,Hernandez,khernandezd1@ucoz.ru,Female,150.89.113.208
82-3064109,Murphy,jmurphyd2@engadget.com,Male,162.141.244.11
34-2248422,Henderson,lhendersond3@cocolog-nifty.com,Female,33.152.186.103
63-1247317,Peters,bpetersd4@biblegateway.com,Male,250.125.117.250
45-9610288,Coleman,ccolemand5@gnu.org,Male,252.40.214.18
66-3823888,Boyd,aboydd6@smugmug.com,Female,35.161.64.124
63-9632162,Willis,cwillisd7@webs.com,Male,154.200.80.3
41-6220494,Warren,kwarrend8@dot.gov,Male,211.38.79.50
57-8482459,Clark,dclarkd9@nature.com,Female,3.157.205.183
20-8250490,Sims,rsimsda@umn.edu,Female,180.129.137.28
89-3015157,Gray,rgraydb@hp.com,Male,214.199.105.211
54-2590571,Fowler,pfowlerdc@prnewswire.com,Female,44.183.72.143
75-0860391,Riley,drileydd@apple.com,Female,75.30.139.132
26-3310449,Williams,fwilliamsde@unesco.org,Male,123.24.21.46
07-3432981,Medina,tmedinadf@arizona.edu,Female,61.238.209.15
28-1301063,Hayes,hhayesdg@ft.com,Female,222.152.8.111
80-3430391,Rodriguez,wrodriguezdh@sciencedirect.com,Male,154.18.205.139
84-8509670,Stewart,jstewartdi@behance.net,Male,18.142.86.69
76-9713641,Nguyen,hnguyendj@skype.com,Male,34.144.60.115
74-2845334,Simpson,dsimpsondk@illinois.edu,Male,7.54.39.197
12-6703771,Spencer,cspencerdl@mapy.cz,Female,116.45.25.22
88-9823230,Cooper,ccooperdm@harvard.edu,Male,91.76.130.82
73-1295350,Greene,ngreenedn@bloglovin.com,Female,218.187.244.226
58-0780727,Warren,jwarrendo@ucla.edu,Male,230.200.60.77
38-6958922,Ruiz,druizdp@businessweek.com,Male,31.116.164.203
68-0834903,Boyd,jboyddq@washingtonpost.com,Female,156.185.133.42
76-4884120,Morrison,jmorrisondr@pbs.org,Female,181.48.49.189
57-5133674,Wood,jwoodds@earthlink.net,Male,39.98.35.202
16-3176185,Knight,cknightdt@wp.com,Female,15.237.188.102
07-2495794,Bishop,hbishopdu@columbia.edu,Male,254.162.39.202
46-6178543,George,mgeorgedv@reddit.com,Female,92.163.16.111
64-2458555,Clark,cclarkdw@wikimedia.org,Male,30.21.141.79
06-1124354,Foster,gfosterdx@tmall.com,Male,114.1.134.218
34-8943453,Lewis,wlewisdy@scientificamerican.com,Female,50.154.180.5
62-0135610,Griffin,agriffindz@sogou.com,Male,71.73.187.168
47-1346007,James,ajamese0@mlb.com,Male,103.170.205.217
03-4520609,Stewart,sstewarte1@mozilla.com,Female,93.17.135.99
87-2450685,Ray,lraye2@indiegogo.com,Female,6.172.15.205
97-1696283,Allen,eallene3@flickr.com,Male,108.70.91.239
47-7713097,Watkins,kwatkinse4@oaic.gov.au,Male,165.9.238.215
31-5072201,Gordon,dgordone5@unesco.org,Female,234.84.222.81
18-7497792,Owens,aowense6@cargocollective.com,Female,169.154.188.218
05-4707875,Watkins,awatkinse7@nsw.gov.au,Female,161.225.182.216
10-8330035,Reed,ereede8@moonfruit.com,Male,106.46.24.227
82-8906901,Barnes,sbarnese9@edublogs.org,Female,232.114.91.55
45-1414895,Davis,ndavisea@opera.com,Female,198.180.132.233
25-8700153,Freeman,mfreemaneb@meetup.com,Female,246.95.52.63
01-4020822,Richardson,grichardsonec@redcross.org,Male,224.153.179.14
40-8938037,Gonzalez,pgonzalezed@wordpress.com,Female,202.224.181.226
52-8767094,Tucker,ctuckeree@over-blog.com,Male,232.6.219.89
20-9669894,Wells,lwellsef@nature.com,Female,183.194.181.71
28-8261229,Gordon,rgordoneg@digg.com,Female,97.17.12.197
72-3988573,Sims,rsimseh@tamu.edu,Male,53.4.170.60
13-9300128,Reyes,lreyesei@squarespace.com,Female,124.99.212.139
70-4946247,Ryan,kryanej@oakley.com,Female,125.242.62.89
72-4159025,Perry,cperryek@dyndns.org,Female,193.139.131.7
31-9757710,Morgan,jmorganel@adobe.com,Female,99.189.201.175
42-3684878,Fisher,tfisherem@ovh.net,Female,247.216.49.59
06-9630078,Edwards,redwardsen@nymag.com,Female,175.183.47.168
92-8599861,Peters,cpeterseo@tuttocitta.it,Male,52.165.212.114
70-5594042,Murray,dmurrayep@w3.org,Female,212.123.104.238
84-6886359,Butler,hbutlereq@mac.com,Male,177.94.253.210
78-0417070,Watson,rwatsoner@unesco.org,Female,15.27.195.50
53-5812425,Perkins,dperkinses@twitpic.com,Female,106.84.72.225
79-5024600,Bryant,cbryantet@loc.gov,Male,178.164.154.139
90-0333078,Welch,jwelcheu@dropbox.com,Male,160.195.90.56
63-2054055,Hernandez,shernandezev@youku.com,Male,178.203.210.117
61-1950689,Palmer,jpalmerew@github.io,Female,114.130.218.80
08-3538686,Garrett,mgarrettex@paypal.com,Male,17.157.217.155
08-7793200,Payne,spayneey@house.gov,Male,24.102.215.65
56-1633820,Lane,vlaneez@webmd.com,Male,3.235.55.62
56-6131047,Hanson,hhansonf0@vk.com,Female,6.25.243.183
65-9446659,Henry,nhenryf1@wix.com,Female,211.46.131.36
43-1265970,Shaw,bshawf2@ebay.com,Female,217.33.54.176
39-1179996,Matthews,rmatthewsf3@chronoengine.com,Female,195.107.114.213
99-0198234,Cunningham,kcunninghamf4@sfgate.com,Female,36.108.254.37
21-3764096,Shaw,rshawf5@1688.com,Male,5.140.31.54
34-8042916,Green,jgreenf6@spotify.com,Male,230.156.103.78
73-9758953,Perry,mperryf7@lulu.com,Male,171.13.192.158
60-1242386,Hall,dhallf8@pcworld.com,Female,60.242.56.98
48-2570424,Welch,awelchf9@slideshare.net,Male,116.214.197.142
48-2571877,Alvarez,malvarezfa@theglobeandmail.com,Female,78.15.134.182
05-2476079,Powell,apowellfb@washingtonpost.com,Male,140.131.214.217
56-7582068,Fowler,wfowlerfc@imdb.com,Male,149.131.70.166
44-5634707,Scott,escottfd@nhs.uk,Female,234.109.36.1
02-2358084,Howell,dhowellfe@liveinternet.ru,Female,255.17.161.153
12-1524439,Gordon,lgordonff@nps.gov,Female,22.214.137.66
85-0590701,Marshall,jmarshallfg@spiegel.de,Female,93.145.86.116
12-3510505,Wallace,swallacefh@pinterest.com,Male,139.244.90.169
72-0455296,Young,lyoungfi@creativecommons.org,Male,108.201.184.193
27-9010541,Stevens,kstevensfj@lycos.com,Female,248.58.236.206
32-7031273,Burns,bburnsfk@miitbeian.gov.cn,Female,255.67.28.252
53-0042719,Sanders,ssandersfl@odnoklassniki.ru,Male,27.151.131.200
97-2013661,Roberts,probertsfm@miitbeian.gov.cn,Female,185.220.5.249
86-5936088,Clark,jclarkfn@barnesandnoble.com,Female,125.101.94.54
17-8996185,Nguyen,hnguyenfo@upenn.edu,Male,214.193.23.226
61-5102559,Watson,jwatsonfp@4shared.com,Male,15.111.19.116
97-3389197,Carpenter,icarpenterfq@cam.ac.uk,Female,90.13.30.157
67-1397313,Frazier,cfrazierfr@mtv.com,Male,101.143.19.134
33-5168204,Griffin,cgriffinfs@foxnews.com,Male,43.92.71.234
86-7742340,Graham,egrahamft@theglobeandmail.com,Male,121.86.47.211
85-5062422,Porter,sporterfu@mysql.com,Male,142.246.175.135
42-2963881,Harris,kharrisfv@newyorker.com,Male,113.230.45.188
29-5326444,Powell,ipowellfw@ustream.tv,Female,47.14.92.190
28-8599269,Oliver,noliverfx@wikispaces.com,Female,48.128.92.244
65-9417134,Gonzalez,jgonzalezfy@dmoz.org,Male,234.18.58.83
36-1056033,Medina,fmedinafz@state.gov,Female,182.133.219.124
28-5192015,Burns,cburnsg0@cam.ac.uk,Female,4.182.185.49
14-2164768,Gordon,tgordong1@weibo.com,Female,119.177.114.222
50-6205531,Morris,bmorrisg2@tripadvisor.com,Female,125.128.114.54
33-8905778,Lynch,dlynchg3@blogspot.com,Male,31.75.74.135
90-0779090,Lopez,hlopezg4@example.com,Male,237.146.72.34
96-3868908,Simpson,tsimpsong5@earthlink.net,Female,183.139.53.166
01-5218880,Arnold,sarnoldg6@oakley.com,Male,63.96.90.92
51-7210795,Green,jgreeng7@infoseek.co.jp,Male,216.142.51.142
99-3338346,Fowler,lfowlerg8@dagondesign.com,Female,177.163.196.200
32-4433700,Willis,hwillisg9@jalbum.net,Female,18.153.241.232
47-5355458,Hawkins,whawkinsga@nih.gov,Female,115.9.168.224
82-1249464,Hayes,rhayesgb@ocn.ne.jp,Male,191.164.6.79
66-8723838,Hart,rhartgc@meetup.com,Male,243.123.73.27
39-8074605,Garza,agarzagd@tuttocitta.it,Female,231.18.109.160
03-9242057,Hudson,lhudsonge@ca.gov,Female,98.118.98.80
92-2441911,Carr,dcarrgf@wikipedia.org,Female,205.36.211.193
56-6225787,Castillo,ccastillogg@ihg.com,Male,10.39.236.142
67-7330834,Matthews,rmatthewsgh@wsj.com,Male,244.99.1.229
92-7988785,Anderson,landersongi@zdnet.com,Female,238.192.227.50
78-2766790,Jackson,cjacksongj@cornell.edu,Female,233.22.29.30
36-4068870,Snyder,bsnydergk@about.me,Female,31.111.121.93
21-3880565,Torres,rtorresgl@nbcnews.com,Male,12.92.56.219
82-1824726,Elliott,delliottgm@examiner.com,Female,139.164.244.166
77-2002492,Wilson,rwilsongn@cnet.com,Male,161.23.169.150
99-9276481,Robertson,srobertsongo@ihg.com,Male,31.59.174.147
81-4096207,Kim,tkimgp@yahoo.com,Male,27.232.134.222
75-7392008,Butler,jbutlergq@hhs.gov,Male,194.48.4.54
36-0338512,Murphy,pmurphygr@washington.edu,Female,64.183.200.13
43-4356674,Tucker,ptuckergs@icq.com,Male,234.126.40.99
38-6312720,Mendoza,dmendozagt@newsvine.com,Male,14.88.15.42
98-2651408,Sanders,esandersgu@blogs.com,Male,226.26.202.149
12-3866593,Payne,apaynegv@craigslist.org,Male,114.96.81.218
18-5425157,Richards,jrichardsgw@histats.com,Male,214.219.153.93
76-4546762,Barnes,cbarnesgx@thetimes.co.uk,Male,91.96.177.83
32-7969066,Hall,phallgy@ezinearticles.com,Female,77.34.96.49
12-0926431,Jordan,djordangz@admin.ch,Female,124.40.177.31
38-8093672,Duncan,aduncanh0@ftc.gov,Male,77.202.74.126
00-5411196,Schmidt,dschmidth1@newyorker.com,Female,49.221.82.190
12-0504736,Bradley,sbradleyh2@multiply.com,Male,44.52.179.156
87-3772798,Miller,rmillerh3@answers.com,Female,156.215.75.139
06-7839015,Ray,erayh4@wp.com,Female,18.71.220.42
12-0705837,Hart,aharth5@goo.gl,Female,74.183.43.157
62-0656025,Flores,ifloresh6@google.fr,Female,186.117.155.39
06-5335778,Lopez,blopezh7@slate.com,Male,189.62.216.202
90-5608501,Stanley,jstanleyh8@wisc.edu,Male,210.134.175.76
31-6011368,Burton,dburtonh9@timesonline.co.uk,Male,86.200.129.60
79-0340099,Turner,jturnerha@joomla.org,Male,5.157.85.36
79-6828659,Dixon,sdixonhb@trellian.com,Female,241.231.146.8
72-7782328,Lawrence,blawrencehc@cisco.com,Male,85.127.85.11
90-5001692,Berry,dberryhd@com.com,Female,125.23.244.75
42-9073452,Lane,jlanehe@jiathis.com,Male,19.11.71.220
81-1335524,Brooks,bbrookshf@ucoz.com,Male,130.42.79.107
59-3304809,Morris,jmorrishg@sogou.com,Female,23.155.124.231
12-6248696,Armstrong,carmstronghh@live.com,Female,67.67.145.173
17-3174371,Lawrence,dlawrencehi@ezinearticles.com,Female,179.139.213.42
64-5947092,Gonzalez,agonzalezhj@princeton.edu,Male,12.165.235.23
09-2217138,Riley,drileyhk@marketwatch.com,Female,148.188.232.23
35-1906419,Sullivan,esullivanhl@blinklist.com,Female,130.160.182.85
64-2901965,Kim,dkimhm@gizmodo.com,Female,165.127.196.164
24-9152784,Moreno,rmorenohn@youtube.com,Male,243.84.146.15
57-7730995,Jordan,wjordanho@cafepress.com,Female,39.93.160.89
56-2045264,Brooks,jbrookshp@statcounter.com,Female,70.109.192.1
70-6220591,Mills,amillshq@homestead.com,Male,88.58.145.231
69-2087181,Reed,ereedhr@indiatimes.com,Female,60.94.164.42
29-4695148,Little,alittlehs@hibu.com,Male,199.122.251.56
95-0824919,Mills,hmillsht@biglobe.ne.jp,Male,245.147.249.38
18-1593755,Stone,tstonehu@upenn.edu,Female,24.171.243.46
31-8306272,George,pgeorgehv@nydailynews.com,Male,173.150.6.26
15-7330473,Matthews,mmatthewshw@ft.com,Female,253.129.19.9
65-2638365,Howell,ehowellhx@homestead.com,Male,9.164.11.182
71-3583405,Williams,cwilliamshy@360.cn,Male,162.144.249.218
72-1722226,Reid,lreidhz@webnode.com,Female,202.16.44.129
56-3036087,Torres,ftorresi0@latimes.com,Female,222.216.115.243
97-5262930,Snyder,wsnyderi1@bravesites.com,Male,151.144.72.80
33-0514612,Alvarez,balvarezi2@networksolutions.com,Female,253.38.70.67
41-3390678,Green,bgreeni3@google.com.au,Male,91.202.212.136
76-7059178,Andrews,randrewsi4@instagram.com,Female,215.2.227.192
81-7629733,Palmer,rpalmeri5@rakuten.co.jp,Male,81.92.56.214
69-4197844,Banks,jbanksi6@narod.ru,Male,56.238.141.187
27-6949270,Russell,drusselli7@scribd.com,Female,156.215.108.193
96-7848305,Payne,dpaynei8@joomla.org,Female,160.217.72.147
29-6001651,Hanson,phansoni9@fotki.com,Male,250.147.248.23
14-3434059,Hughes,lhughesia@craigslist.org,Female,241.217.161.130
19-5934936,Jackson,ajacksonib@zdnet.com,Female,247.30.222.9
59-0153346,Weaver,eweaveric@altervista.org,Male,192.106.47.82
50-5963810,Austin,laustinid@elpais.com,Male,20.91.187.22
75-1443186,Parker,lparkerie@unicef.org,Male,84.244.46.26
79-3577485,Ward,mwardif@indiatimes.com,Male,152.56.131.199
49-3519023,Kelly,bkellyig@meetup.com,Female,118.69.216.50
78-7631779,Moreno,emorenoih@icio.us,Female,145.196.144.71
17-7605376,Washington,awashingtonii@cafepress.com,Female,105.194.198.230
64-7633907,Freeman,afreemanij@weebly.com,Male,56.248.163.241
15-3859943,Phillips,tphillipsik@ca.gov,Male,185.231.106.69
00-2926507,Bishop,jbishopil@bbb.org,Male,25.5.153.218
61-6417902,Wright,mwrightim@latimes.com,Female,184.116.155.34
04-5473218,Lynch,plynchin@patch.com,Female,165.134.182.242
95-3011266,Garza,rgarzaio@icio.us,Male,74.144.71.44
90-8750598,Matthews,ematthewsip@wufoo.com,Female,231.98.194.179
78-6992342,Mcdonald,rmcdonaldiq@webeden.co.uk,Male,183.18.60.255
95-5794764,Day,rdayir@163.com,Male,122.176.177.3
98-6016270,Sanders,ksandersis@statcounter.com,Female,212.212.40.28
07-5834087,Rogers,lrogersit@ox.ac.uk,Female,155.134.66.63
91-2287139,Garcia,jgarciaiu@nih.gov,Female,234.33.170.183
52-6689948,Gomez,cgomeziv@surveymonkey.com,Female,127.16.184.174
38-0697054,Ortiz,bortiziw@drupal.org,Female,57.224.125.59
30-4395833,Boyd,eboydix@paypal.com,Male,241.235.252.36
87-6211702,Taylor,mtayloriy@usa.gov,Male,191.52.130.254
69-0180193,Bradley,kbradleyiz@sakura.ne.jp,Female,229.112.89.67
49-8279857,Romero,sromeroj0@nymag.com,Male,255.172.221.214
84-7903771,Webb,bwebbj1@exblog.jp,Male,251.255.180.240
01-6610180,Riley,crileyj2@dell.com,Female,116.46.126.143
17-4702086,Mendoza,cmendozaj3@gravatar.com,Male,50.27.18.148
35-6362010,Martinez,lmartinezj4@is.gd,Female,105.76.218.154
80-0866973,Robertson,mrobertsonj5@oakley.com,Female,119.206.245.1
67-8317648,Medina,hmedinaj6@discuz.net,Female,191.46.44.180
72-2581065,Cruz,bcruzj7@posterous.com,Male,234.94.70.228
36-0228967,Schmidt,jschmidtj8@aol.com,Male,163.194.137.26
19-7832900,Olson,dolsonj9@nih.gov,Male,26.106.219.112
03-6073482,Howell,khowellja@zimbio.com,Male,47.164.247.225
98-3906848,Dean,sdeanjb@cmu.edu,Female,250.3.103.122
08-0714701,Watson,pwatsonjc@kickstarter.com,Female,122.190.31.165
88-4055589,Reid,lreidjd@mediafire.com,Female,241.43.25.35
63-1370545,Collins,jcollinsje@nytimes.com,Male,107.229.181.226
41-7590518,Baker,jbakerjf@angelfire.com,Male,158.52.180.233
51-2986000,Graham,hgrahamjg@blinklist.com,Female,240.210.239.161
48-4588679,Fox,jfoxjh@scribd.com,Male,170.53.151.12
77-8830260,Hanson,jhansonji@harvard.edu,Female,142.151.252.127
41-5432210,Hanson,rhansonjj@theatlantic.com,Male,191.73.159.170
12-8271559,Cox,lcoxjk@scribd.com,Male,249.103.122.96
35-4577928,Coleman,ecolemanjl@usgs.gov,Male,65.181.77.200
81-3409278,Day,adayjm@utexas.edu,Female,217.162.13.245
22-9600636,Thomas,mthomasjn@reddit.com,Male,206.198.246.3
80-6289250,Rodriguez,drodriguezjo@imdb.com,Male,215.194.62.148
04-4571872,Schmidt,vschmidtjp@list-manage.com,Male,24.62.243.123
38-1879390,Pierce,jpiercejq@artisteer.com,Male,236.225.184.24
61-6962020,Payne,rpaynejr@statcounter.com,Female,40.224.122.192
85-7408056,Stone,jstonejs@berkeley.edu,Female,240.52.228.74
74-0489134,Hansen,jhansenjt@imdb.com,Male,101.73.40.113
99-8382560,Morrison,amorrisonju@wired.com,Female,221.211.168.153
01-1978198,Hunter,ghunterjv@bloglines.com,Female,232.44.150.185
85-1472482,Gibson,wgibsonjw@hibu.com,Female,33.101.3.211
68-7378783,Griffin,hgriffinjx@simplemachines.org,Male,120.0.160.25
62-9280139,Allen,eallenjy@stanford.edu,Male,68.0.5.171
67-6597068,Harvey,jharveyjz@bravesites.com,Female,199.240.220.121
19-6011772,Collins,mcollinsk0@tinypic.com,Female,215.172.167.161
51-1044338,Burton,hburtonk1@yelp.com,Male,31.96.248.187
61-7177381,Brown,jbrownk2@github.io,Female,219.189.53.227
11-4662806,Webb,rwebbk3@psu.edu,Female,65.243.244.86
42-5171262,Ward,rwardk4@cdc.gov,Male,174.14.135.190
84-1645646,Gray,jgrayk5@forbes.com,Male,25.76.12.200
95-9193238,Sims,hsimsk6@opensource.org,Male,126.197.95.130
50-2314224,Lopez,hlopezk7@ycombinator.com,Female,184.165.93.33
06-1035798,Watkins,jwatkinsk8@virginia.edu,Male,47.39.135.80
37-4926063,Ryan,dryank9@msu.edu,Female,131.13.73.241
52-9822456,Gutierrez,lgutierrezka@typepad.com,Female,23.192.222.47
41-9277632,Fox,pfoxkb@bing.com,Male,202.169.133.216
32-5952332,Elliott,telliottkc@hexun.com,Female,232.175.42.164
58-2896989,Castillo,jcastillokd@hibu.com,Female,190.183.17.131
64-4358739,Barnes,sbarneske@baidu.com,Female,69.244.107.128
57-6213941,Hayes,ahayeskf@elpais.com,Male,2.233.13.63
24-9799474,Arnold,darnoldkg@hhs.gov,Male,104.90.211.224
75-4832286,Rogers,wrogerskh@lycos.com,Male,212.7.189.175
47-2408328,Harrison,charrisonki@cyberchimps.com,Male,106.13.80.127
37-2468871,Garrett,pgarrettkj@discuz.net,Female,154.103.110.72
22-7330017,Rodriguez,mrodriguezkk@netscape.com,Female,4.79.30.232
42-2382332,Ortiz,dortizkl@liveinternet.ru,Female,120.14.104.136
72-3472003,Robinson,frobinsonkm@earthlink.net,Male,16.58.50.4
47-5005509,Carroll,bcarrollkn@wikipedia.org,Male,12.1.185.65
79-5480589,Hawkins,mhawkinsko@china.com.cn,Male,142.103.111.9
00-2509984,Oliver,moliverkp@cargocollective.com,Male,234.89.193.102
36-5790104,Howard,phowardkq@ustream.tv,Male,174.5.70.227
03-3343281,Dixon,fdixonkr@msu.edu,Male,129.35.31.4
90-2197597,Webb,nwebbks@cocolog-nifty.com,Female,240.143.106.1
81-4684268,Fields,dfieldskt@nyu.edu,Male,188.141.29.233
55-3465490,Ford,pfordku@usnews.com,Female,31.65.140.233
27-0982682,Warren,rwarrenkv@gmpg.org,Female,142.214.84.226
06-6815578,Brown,jbrownkw@umich.edu,Male,117.183.120.150
21-3710947,Green,agreenkx@indiegogo.com,Female,103.0.77.54
97-0449752,Hill,lhillky@wisc.edu,Male,53.123.213.186
75-0428277,Campbell,ccampbellkz@google.nl,Male,155.201.53.69
87-7204913,Austin,aaustinl0@discovery.com,Female,79.146.62.204
29-3761215,Long,mlongl1@angelfire.com,Female,241.241.97.117
27-2600568,Chavez,rchavezl2@ning.com,Male,100.198.247.255
22-3929111,Price,spricel3@devhub.com,Male,214.167.118.247
36-0505178,Lewis,rlewisl4@livejournal.com,Male,66.217.178.80
47-6393078,Lawrence,mlawrencel5@dion.ne.jp,Female,245.122.216.230
24-1950992,Gray,ngrayl6@google.ca,Female,78.179.100.178
33-8163763,Carter,lcarterl7@quantcast.com,Female,70.254.151.125
70-4822977,Hudson,phudsonl8@friendfeed.com,Male,138.164.226.104
09-6236365,Mcdonald,bmcdonaldl9@apache.org,Male,89.59.176.109
58-5983565,George,jgeorgela@marriott.com,Female,214.182.137.205
99-3858681,Robinson,wrobinsonlb@geocities.com,Male,20.34.34.46
77-3935393,Foster,mfosterlc@shareasale.com,Female,238.62.220.17
85-5003827,Freeman,afreemanld@geocities.jp,Female,237.72.198.165
69-5336280,Larson,jlarsonle@ustream.tv,Male,129.53.99.215
10-8283512,Hart,thartlf@cbslocal.com,Male,134.124.196.117
83-0196756,Chavez,bchavezlg@vkontakte.ru,Male,160.141.35.43
40-9692196,Simmons,ksimmonslh@umich.edu,Male,2.212.220.18
51-6001535,Rivera,triverali@bing.com,Female,232.207.227.253
78-0616996,Boyd,lboydlj@loc.gov,Female,176.200.21.172
08-6771094,Larson,elarsonlk@yandex.ru,Male,11.52.121.108
87-5571432,Larson,glarsonll@hc360.com,Male,94.250.139.68
38-3069616,Hansen,jhansenlm@un.org,Male,218.121.167.60
19-6481754,Nichols,tnicholsln@unc.edu,Male,74.209.45.46
03-8713290,Carroll,mcarrolllo@wiley.com,Male,37.167.190.94
99-3620437,Payne,kpaynelp@oracle.com,Female,159.183.250.68
57-2630074,Palmer,jpalmerlq@squidoo.com,Male,232.24.184.140
51-8986441,Duncan,nduncanlr@acquirethisname.com,Female,170.170.207.145
99-9178877,Sullivan,psullivanls@bravesites.com,Male,224.20.95.169
27-0145565,Vasquez,svasquezlt@mayoclinic.com,Female,153.73.22.248
58-3458609,Hart,phartlu@jigsy.com,Male,143.26.224.246
98-7469012,Carroll,hcarrolllv@stanford.edu,Male,212.228.46.237
15-4132381,Bailey,bbaileylw@telegraph.co.uk,Male,226.1.192.203
94-3980473,Morrison,tmorrisonlx@fda.gov,Male,200.50.4.227
59-2300599,Evans,bevansly@smh.com.au,Male,242.45.198.77
85-3183814,Berry,jberrylz@salon.com,Female,170.224.95.214
14-8447468,Kennedy,akennedym0@japanpost.jp,Female,244.195.89.56
96-5991487,Moore,dmoorem1@furl.net,Male,79.208.8.210
37-8429535,Hicks,ghicksm2@blogger.com,Male,239.37.102.132
07-0816700,Davis,wdavism3@boston.com,Female,132.248.165.171
95-5322555,Bradley,jbradleym4@squarespace.com,Male,116.2.198.248
95-5846087,Rose,crosem5@netlog.com,Male,132.50.219.185
48-5579672,Lynch,klynchm6@bandcamp.com,Female,68.173.58.225
31-9698569,Long,dlongm7@utexas.edu,Female,233.232.105.157
75-4228735,Elliott,celliottm8@usa.gov,Male,103.191.175.124
87-0073033,Carpenter,acarpenterm9@gov.uk,Female,93.67.75.187
28-4188004,Lopez,dlopezma@amazon.de,Male,172.219.120.104
72-4947603,Griffin,egriffinmb@diigo.com,Male,237.149.49.133
59-0803535,Hanson,chansonmc@walmart.com,Female,119.245.147.191
90-6275301,Arnold,barnoldmd@howstuffworks.com,Male,58.252.206.56
45-2306574,Graham,pgrahamme@about.com,Male,161.253.156.7
42-8178231,Freeman,sfreemanmf@hc360.com,Male,68.160.82.89
90-4953072,Thomas,rthomasmg@home.pl,Male,169.173.59.194
00-5990748,Harper,charpermh@linkedin.com,Male,91.175.247.71
58-8271554,Ellis,aellismi@wsj.com,Female,230.248.160.158
29-6327199,Anderson,randersonmj@webeden.co.uk,Male,193.109.186.106
45-6484000,Castillo,tcastillomk@xinhuanet.com,Female,103.244.179.187
67-0304800,Gray,mgrayml@msu.edu,Female,24.247.109.147
10-7079646,Barnes,nbarnesmm@ucla.edu,Male,17.82.254.148
01-6382934,Rodriguez,arodriguezmn@qq.com,Female,167.180.179.65
65-1195043,Payne,dpaynemo@moonfruit.com,Male,53.232.10.248
26-5134130,Carr,scarrmp@php.net,Female,203.71.76.143
01-1308855,Payne,mpaynemq@alexa.com,Female,26.4.88.92
91-7000354,Payne,jpaynemr@1688.com,Male,79.191.115.60
98-0878380,Cunningham,rcunninghamms@ucsd.edu,Male,169.64.12.240
66-4047823,Hicks,mhicksmt@house.gov,Female,3.3.62.238
00-0887536,Warren,rwarrenmu@infoseek.co.jp,Male,129.169.252.126
86-8158887,Ross,arossmv@ftc.gov,Female,55.188.44.60
97-6788079,Dunn,jdunnmw@goodreads.com,Male,253.68.247.212
76-5570706,Stevens,kstevensmx@shop-pro.jp,Female,0.174.239.13
77-2516792,Day,tdaymy@printfriendly.com,Male,74.232.9.169
60-4907274,Wright,awrightmz@mapquest.com,Male,150.114.82.188
01-8732507,Kelly,skellyn0@aol.com,Male,80.67.247.225
71-5876149,Ortiz,jortizn1@delicious.com,Male,198.44.13.247
62-4510109,Grant,jgrantn2@plala.or.jp,Female,215.249.208.180
33-5320800,Foster,ifostern3@homestead.com,Female,134.85.127.127
05-5769318,Jackson,tjacksonn4@nature.com,Female,220.2.196.237
04-2787379,Mendoza,jmendozan5@mediafire.com,Male,177.18.209.140
43-3080676,Robertson,krobertsonn6@1688.com,Male,135.248.115.41
07-0439866,Ferguson,tfergusonn7@sciencedirect.com,Female,177.23.212.232
60-2095266,Grant,egrantn8@google.it,Male,20.146.98.15
40-1812253,Crawford,ccrawfordn9@dailymail.co.uk,Female,70.243.251.56
55-7149204,Campbell,scampbellna@simplemachines.org,Female,224.2.51.142
38-1405319,Weaver,jweavernb@ovh.net,Male,163.70.166.64
72-7822006,Arnold,sarnoldnc@flickr.com,Male,134.213.138.230
70-5900670,Evans,kevansnd@typepad.com,Female,156.60.240.107
41-4684699,Nguyen,anguyenne@patch.com,Female,107.219.246.112
45-2599859,Cruz,jcruznf@opensource.org,Male,87.236.145.214
94-5177082,Price,kpriceng@plala.or.jp,Male,238.221.39.173
69-9184988,Oliver,kolivernh@booking.com,Female,94.141.117.2
69-2460894,Mccoy,cmccoyni@google.fr,Male,128.104.21.208
74-5936683,Hunter,khunternj@irs.gov,Female,103.184.167.210
35-1151549,Hall,jhallnk@hp.com,Female,220.34.46.188
95-0852989,Lewis,blewisnl@newyorker.com,Male,53.85.96.204
07-8131651,Tucker,jtuckernm@reddit.com,Female,108.203.219.83
37-6030588,Campbell,jcampbellnn@dell.com,Female,97.96.208.160
52-3856799,Carr,acarrno@xrea.com,Male,172.40.137.116
48-7159049,Stewart,cstewartnp@yelp.com,Female,11.38.23.6
08-0472914,Grant,dgrantnq@joomla.org,Male,28.191.3.158
85-5325204,Day,fdaynr@cornell.edu,Female,101.208.127.90
18-9546639,Hughes,rhughesns@yelp.com,Female,207.161.80.106
56-7120907,Torres,atorresnt@techcrunch.com,Female,207.10.43.1
15-2519440,Diaz,sdiaznu@ihg.com,Female,169.105.162.35
06-6203711,Larson,jlarsonnv@devhub.com,Female,45.118.58.188
41-5295451,Jordan,mjordannw@privacy.gov.au,Male,176.54.148.138
93-4904766,Brooks,kbrooksnx@unblog.fr,Female,142.125.17.151
71-7066609,Fuller,gfullerny@about.com,Male,181.80.54.135
89-8975525,Robinson,drobinsonnz@artisteer.com,Male,126.218.232.155
67-6952206,Carpenter,ecarpentero0@smugmug.com,Male,105.168.64.137
73-1914506,Burke,rburkeo1@fastcompany.com,Male,76.36.90.17
49-2209789,Franklin,afranklino2@51.la,Female,8.149.72.242
52-5421762,Scott,cscotto3@zimbio.com,Female,167.251.122.40
42-5955450,Chapman,hchapmano4@washington.edu,Male,120.207.86.230
26-8781823,Edwards,medwardso5@washington.edu,Female,160.203.185.70
48-4199695,Wood,kwoodo6@example.com,Female,116.22.76.201
87-5371775,Duncan,sduncano7@friendfeed.com,Male,160.245.98.243
25-6187793,Fuller,mfullero8@newyorker.com,Male,100.69.24.90
94-5532266,Freeman,mfreemano9@booking.com,Male,129.140.125.147
05-4067158,Harper,mharperoa@diigo.com,Female,242.85.31.79
05-2601236,Scott,rscottob@about.me,Female,57.4.115.85
23-0373541,Griffin,mgriffinoc@seattletimes.com,Female,35.167.224.97
52-7334284,Wood,jwoodod@techcrunch.com,Female,110.9.36.73
91-5054224,Nelson,jnelsonoe@gmpg.org,Male,149.251.131.194
70-7810474,Lawrence,slawrenceof@ycombinator.com,Male,225.28.192.181
91-8935723,Pierce,jpierceog@umich.edu,Male,48.95.3.163
49-6388581,Campbell,jcampbelloh@qq.com,Female,65.105.240.105
61-6056976,Allen,callenoi@vk.com,Female,96.170.253.254
02-2255016,Anderson,mandersonoj@epa.gov,Female,145.230.13.31
44-7081132,Fox,rfoxok@adobe.com,Female,113.228.123.27
31-9668785,Ruiz,jruizol@ocn.ne.jp,Female,254.233.148.197
64-6792329,Moreno,jmorenoom@technorati.com,Female,202.24.103.230
43-6961060,Thompson,kthompsonon@ask.com,Male,229.120.8.42
34-6342751,Hart,dhartoo@ca.gov,Male,204.169.26.101
76-3571540,Coleman,jcolemanop@hibu.com,Male,5.66.170.112
38-4568451,Hawkins,jhawkinsoq@mapquest.com,Male,138.206.1.122
11-4321608,Harrison,charrisonor@hud.gov,Male,230.190.116.22
54-4754644,Boyd,sboydos@jalbum.net,Female,76.107.123.68
15-6230309,Nguyen,cnguyenot@census.gov,Female,158.152.112.12
45-4542342,Ward,hwardou@jugem.jp,Male,150.120.240.100
16-6467317,Harrison,charrisonov@quantcast.com,Male,76.133.71.110
12-8133826,Grant,jgrantow@bigcartel.com,Male,10.110.37.82
04-4987644,Bell,kbellox@google.nl,Female,212.245.169.201
07-4811696,Watkins,rwatkinsoy@blogger.com,Female,208.208.197.21
26-8383286,Brooks,mbrooksoz@illinois.edu,Female,118.47.147.130
44-4140419,Ortiz,sortizp0@jugem.jp,Male,18.184.110.85
39-0366328,Ruiz,cruizp1@lycos.com,Female,144.127.108.166
05-8582135,Watkins,pwatkinsp2@newsvine.com,Female,24.95.230.209
81-8978460,Spencer,lspencerp3@prnewswire.com,Male,143.38.226.128
04-2848489,James,sjamesp4@elpais.com,Female,206.250.250.179
36-7047796,Morrison,tmorrisonp5@cargocollective.com,Male,234.232.176.135
17-2637931,Richardson,trichardsonp6@sphinn.com,Male,199.98.253.119
45-8010378,Tucker,ttuckerp7@wsj.com,Female,219.49.171.140
43-5351327,Lee,jleep8@samsung.com,Female,127.74.140.126
32-7479340,Ross,brossp9@theatlantic.com,Male,121.126.203.228
54-3798615,Davis,ddavispa@ft.com,Male,79.68.242.197
84-2616312,Bennett,dbennettpb@diigo.com,Female,152.37.93.235
82-5730746,Lawson,elawsonpc@tamu.edu,Male,221.87.204.114
17-6456107,Boyd,eboydpd@guardian.co.uk,Female,245.218.126.168
09-5082714,Long,dlongpe@xinhuanet.com,Female,213.168.56.206
98-9067816,Kim,akimpf@woothemes.com,Male,135.57.20.210
71-6675109,Hansen,chansenpg@blogtalkradio.com,Female,252.186.167.175
23-0409203,Carroll,scarrollph@tamu.edu,Male,193.212.3.126
89-1421987,Castillo,jcastillopi@ed.gov,Female,57.201.65.130
31-1831539,Jacobs,mjacobspj@github.com,Female,207.203.203.17
50-0717726,Morrison,cmorrisonpk@house.gov,Male,186.191.20.42
36-4445301,Lynch,wlynchpl@twitpic.com,Male,144.38.35.82
85-5036827,Stone,mstonepm@earthlink.net,Male,106.124.162.205
40-6253680,Simmons,rsimmonspn@reddit.com,Male,188.25.69.243
83-1646388,Morgan,cmorganpo@slashdot.org,Male,112.236.162.202
20-4667787,Riley,jrileypp@creativecommons.org,Male,35.90.22.45
13-2376784,Peterson,jpetersonpq@bbc.co.uk,Female,179.154.164.185
79-6215844,Smith,asmithpr@cnbc.com,Male,182.226.142.189
46-6167889,Austin,kaustinps@uol.com.br,Female,139.203.223.152
93-3347834,James,pjamespt@infoseek.co.jp,Male,224.77.255.184
10-6002567,Barnes,dbarnespu@cdbaby.com,Male,43.135.24.180
92-3107372,King,kkingpv@howstuffworks.com,Female,149.199.244.175
83-5259760,Reyes,lreyespw@examiner.com,Female,144.109.179.106
09-0233601,Hudson,bhudsonpx@bbc.co.uk,Female,95.109.52.140
08-1831855,Campbell,pcampbellpy@java.com,Male,217.185.65.159
31-1146032,Bradley,ebradleypz@cmu.edu,Male,20.168.122.59
31-6127024,Bishop,mbishopq0@google.es,Male,132.97.227.185
78-9240728,Black,mblackq1@friendfeed.com,Female,72.246.146.181
92-9598831,Perry,cperryq2@eepurl.com,Female,172.67.50.31
84-2647406,Lawson,wlawsonq3@pinterest.com,Female,0.100.210.247
75-1775255,Foster,cfosterq4@topsy.com,Female,247.6.72.227
95-1888414,Palmer,cpalmerq5@seesaa.net,Female,188.168.128.184
84-2802554,Robertson,trobertsonq6@cdc.gov,Female,184.109.198.157
95-3725548,Holmes,aholmesq7@free.fr,Female,119.139.141.252
49-5290993,Walker,twalkerq8@about.me,Male,68.166.149.109
36-2762326,Simmons,psimmonsq9@moonfruit.com,Male,77.215.104.185
72-5044907,Mcdonald,wmcdonaldqa@ftc.gov,Female,175.83.209.115
84-5392453,Alvarez,lalvarezqb@ifeng.com,Female,73.180.196.88
34-6978968,Snyder,csnyderqc@businessweek.com,Male,157.241.77.133
98-9439871,Simmons,vsimmonsqd@baidu.com,Female,83.48.79.20
29-4058436,Bailey,abaileyqe@columbia.edu,Male,232.244.19.224
26-3987819,Martin,amartinqf@cbslocal.com,Male,209.205.205.220
55-0598412,Cook,dcookqg@dagondesign.com,Female,250.213.111.181
57-4043097,Spencer,tspencerqh@pagesperso-orange.fr,Male,87.169.168.210
48-5547344,Bowman,rbowmanqi@vinaora.com,Female,194.127.160.85
94-0159950,Washington,wwashingtonqj@uol.com.br,Male,251.91.145.46
60-9937750,Wheeler,mwheelerqk@msu.edu,Female,249.179.100.254
75-8248481,Stewart,wstewartql@tinyurl.com,Male,164.66.56.1
79-6207644,Webb,hwebbqm@redcross.org,Female,94.53.28.42
17-8338187,Thompson,pthompsonqn@delicious.com,Male,161.62.130.48
28-1469570,Ellis,sellisqo@narod.ru,Female,81.209.16.227
21-3851184,Mcdonald,smcdonaldqp@pcworld.com,Female,93.109.2.99
79-6786413,Garcia,pgarciaqq@skype.com,Male,38.1.169.107
58-2351740,Foster,sfosterqr@usgs.gov,Male,76.187.180.70
59-5909502,Willis,vwillisqs@smugmug.com,Female,93.163.8.102
14-0587420,Simmons,asimmonsqt@so-net.ne.jp,Male,246.185.97.48
03-9644076,Crawford,ccrawfordqu@purevolume.com,Female,80.243.225.147
17-4538527,Griffin,agriffinqv@vistaprint.com,Female,34.86.124.57
07-6566834,Romero,fromeroqw@elpais.com,Female,237.35.8.238
31-5987214,Carpenter,rcarpenterqx@tripadvisor.com,Male,39.211.23.125
18-7596105,Bell,jbellqy@hexun.com,Male,209.150.118.96
69-4098153,Bell,ebellqz@rambler.ru,Male,111.64.249.51
56-3414286,Bailey,pbaileyr0@engadget.com,Female,14.142.234.116
66-5662533,Hughes,thughesr1@weebly.com,Female,64.241.118.112
51-7915674,Romero,dromeror2@wufoo.com,Male,231.233.181.194
12-1321760,Shaw,tshawr3@fastcompany.com,Female,201.218.21.91
92-4744901,Burton,aburtonr4@nba.com,Male,35.1.23.185
14-2208680,Parker,cparkerr5@buzzfeed.com,Male,42.78.243.208
98-5648678,Kelly,rkellyr6@phoca.cz,Male,60.223.156.254
28-9396103,Graham,egrahamr7@theguardian.com,Male,60.126.104.184
56-1074299,Marshall,nmarshallr8@mail.ru,Female,8.163.164.122
55-4071449,Butler,mbutlerr9@shinystat.com,Male,93.200.89.227
86-7467241,Gray,ngrayra@sbwire.com,Male,120.179.202.140
13-6031797,Hunt,jhuntrb@samsung.com,Male,127.38.43.160
75-7241087,Burke,kburkerc@acquirethisname.com,Female,254.8.94.86
03-4013141,Anderson,gandersonrd@blogger.com,Male,17.156.155.115
92-2775497,Jenkins,njenkinsre@histats.com,Female,217.184.23.60
